Arca,Nome,Significado,Habilidades,Descrição dos Dons,Barreiras,Potenciais
1,Iniciador,"Representa o impulso criativo, liderança e pioneirismo.","Autonomia: age com independência e confiança; Coragem: enfrenta desafios com ousadia; Visão: enxerga possibilidades antes dos outros; Iniciativa: transforma ideias em ação.","Você é aquele que abre caminhos. Tem a força de começar projetos, inspirar pessoas e liderar com autenticidade.","Impaciência: dificuldade em esperar o tempo natural das coisas; Autoritarismo: tendência a impor ideias sem ouvir; Dificuldade em ouvir: resistência a opiniões alheias.","Desenvolver liderança empática; Canalizar energia para causas construtivas; Aprender a delegar com confiança.";
2,Sensitivo,"Simboliza empatia, receptividade e conexão emocional.","Escuta ativa: acolhe sem julgamento; Intuição: percebe o invisível; Diplomacia: suaviza conflitos com elegância; Acolhimento: cria ambientes seguros.","Você sente o mundo com profundidade. Tem o dom de compreender o que não é dito, de criar pontes afetivas e de suavizar ambientes com sua presença.","Dependência emocional: dificuldade em se manter firme sozinho; Falta de limites: absorve demais dos outros; Sensibilidade excessiva: se sobrecarrega com o ambiente.","Aprender a se proteger energeticamente; Transformar sensibilidade em força; Cultivar autonomia afetiva.";
3,Comunicador,"Expressão, criatividade e sociabilidade.","Oratória: fala com clareza e impacto; Escrita: traduz sentimentos em palavras; Humor: traz leveza aos ambientes; Improviso: se adapta com criatividade.","Você é a voz que inspira. Tem facilidade para se comunicar, encantar e transmitir ideias com leveza e entusiasmo.","Superficialidade: evita profundidade emocional; Dispersão: dificuldade em manter foco; Necessidade de aprovação: busca validação externa.","Usar a comunicação como ferramenta de cura; Desenvolver profundidade emocional; Cultivar escuta ativa."
4,Construtor,"Estrutura, disciplina e estabilidade.","Organização: cria ordem e método; Planejamento: antecipa e estrutura ações;Persistência: mantém o foco mesmo com obstáculos; Responsabilidade: assume compromissos com seriedade.","Você é a base sólida. Tem talento para construir, organizar e manter o que é duradouro.","
  •  O nascido neste dia é naturalmente ordeiro, autoritário, eficiente, prático e muito trabalhador;
  embora não seja detalhista, detesta o erro e evita desperdício de energia — por isso, tende a se;
  poupar no trabalho quando percebe que algo não é útil. ;
  •  Tem facilidade para encontrar ocupação em qualquer área que lhe desperte interesse.;
  •  Sua principal qualidade é a PERÍCIA — é extremamente prático e não perde tempo com o;
que considera inútil.;
  •  É exigente consigo mesmo e com os outros, o que o torna frequentemente visto como crítico;
e exigente. ;
  •  Possui grande capacidade de liderança.;
  •  Ele mesmo toma a frente, mas espera que os outros acompanhem. ;
  •  Destaca-se em trabalhos técnicos como mecânica, construção, eletricidade, engenharia, ;
e também como organizador e administrador. ;
  •  É dotado de veia artística e talento para divertir as pessoas.;
  •  Tem um modo pessoal e especial de fazer as coisas — único e inconfundível.;
  •  É capaz de mudar rapidamente de acordo com suas intenções, que geralmente estão alinhadas; 
com seus próprios princípios.;
  •  Os tipos negativos nascidos neste dia tendem a ser pessimistas, mal-humorados, insociáveis ;
e convencidos de que o mundo está errado e sempre contra eles, por outro lado, essas pessoas ;
desenvolvem um forte senso de equidade e justiça. ;
  •  Sentem-se profundamente incomodadas quando alguém com talento e mérito é preterido em ;
favor de outro por prestígio ou influência, diante de situações injustas, preferem se afastar, ;
renunciar ou simplesmente não participar. ;
  •  Apesar de possuírem uma natureza amorosa, têm dificuldade em expressar seus sentimentos. ;
São leais aos amigos, dedicados e prestativos, mas aparentam indiferença e raramente ;
demonstram emoções. Reprimem tanto a alegria quanto a decepção, passando uma imagem fria;e materialista.;  •  No fundo, precisam desesperadamente de amor, afeto e bondade. São nobres, altruístas e ;compassivos, embora poucos realmente os compreendam. ;  •  Para alcançar o sucesso, necessitam de uma vida harmônica. Mesmo que esse equilíbrio não ;venha facilmente, lutam por ele com persistência. Podem se acomodar por um tempo, mas nunca ;desistem — sempre retornam à luta com a mesma desenvoltura de antes.;  •  Esses indivíduos têm forte ligação com o mundo dos negócios, da indústria e da construção.;  •  Graças ao seu senso de organização, podem se destacar também na política, administração ;pública ou gestão.;  •  Por fim, suas frustrações, decepções ou repressões afetivas podem se manifestar fisicamente,;causando dores de cabeça frequentes, dificuldades na fala ou até debilidade física.;   •  Ainda assim, possuem uma capacidade de recuperação admirável.","Aprender a flexibilizar; Confiar no fluxo da vida; Equilibrar trabalho com prazer."
5,Explorador,"Liberdade, aventura e movimento.","Curiosidade: busca o novo com entusiasmo; Adaptabilidade: se molda a diferentes contextos; Inovação: pensa fora da caixa; Entusiasmo: contagia com energia.","Você é o vento que transforma. Tem sede de experiências, ama descobrir o novo e inspira os outros a saírem da zona de conforto.","Impulsividade: age sem pensar nas consequências; Instabilidade: dificuldade em manter rotinas; Resistência a limites: rejeita estruturas.","Cultivar foco sem perder a liberdade; Transformar inquietude em criatividade; Aprender a permanecer."
6,Harmonizador,"Afeto, responsabilidade e senso de justiça.","Cuidado: oferece suporte emocional e proteção afetiva; Empatia: sente o outro com profundidade e sem julgamento; Mediação: pacifica conflitos e promove harmonia; Equilíbrio emocional: mantém serenidade em ambientes turbulentos.","Você é o elo que une. Tem o dom de nutrir relações, promover harmonia e agir com ética e sensibilidade.","Perfeccionismo: autocobrança excessiva e dificuldade em aceitar imperfeições; Condescendência: cede demais por medo de desagradar; Padrões morais rígidos: visão inflexível sobre certo e errado; Amar com imposição: transforma cuidado em controle.","Acolher sem absorver; Equilibrar amor com liberdade; Transformar dor em cura; Ser referência de paz."
7,Místico,"Sabedoria interior, introspecção e espiritualidade.","Intuição: acessa verdades sutis; Análise profunda: enxerga além da superfície; Conexão espiritual: sente o invisível; Discernimento: separa o essencial do supérfluo.","Você é o guardião do mistério. Tem facilidade para acessar dimensões sutis, compreender o invisível e buscar verdades profundas.","Isolamento: tendência a se fechar; Desconfiança: dificuldade em se abrir; Espiritualismo excessivo: fuga da realidade.","Integrar espiritualidade com vida prática; Confiar nas pessoas; Compartilhar sua sabedoria."
8,Realizador,"Poder pessoal, materialização e liderança prática.","Gestão: organiza recursos com eficiência; Foco: mantém direção com firmeza; Ambição: busca crescimento com coragem; Eficiência: transforma ideias em resultados.","Você é a força que concretiza. Tem talento para transformar ideias em resultados, liderar com firmeza e construir prosperidade.","Rigidez: dificuldade em lidar com imprevistos; Apego ao controle: resistência à entrega; Dificuldade com vulnerabilidade: evita mostrar fragilidade.","Desenvolver sensibilidade; Equilibrar poder com compaixão; Usar recursos para servir ao coletivo."
9,Humanitário,"Amor universal, compaixão e serviço.","Generosidade: oferece sem esperar retorno; Visão ampla: enxerga o coletivo; Altruísmo: age pelo bem comum; Inspiração: motiva com exemplo.","Você é o coração coletivo. Tem vocação para servir, curar e transformar o mundo com empatia e sabedoria.","Autoanulação: esquece de si ao cuidar dos outros; Idealismo excessivo: espera perfeição do mundo; Dificuldade em receber: resiste ao acolhimento.","Aprender a se incluir no cuidado; Transformar dor em propósito; Liderar com amor"