numero,nome,significado,alma,aparencia,missao,dons_potencial,aprendizado,compromisso,desafio_principal,Abertura_emocional,Liberdade,Sabedoria_doadora,Herancas,Harmonia,Vibracao,Habilidades
1,Iniciador,"Representa o impulso criativo, lideranÃ§a e pioneirismo. <br>  <br> <br> ğŸš¨ğŸ“£ğŸ“… Fique atento! - ConteÃºdo completo disponÃ­vel no site a partir de 22/11/2025.","Ã‰ o nÃºmero do individualista, possuidor de uma lideranÃ§a natural ou seja, quer seguir sempre em primeiro lugar -  <br> <br> ğŸš¨ğŸ“£ğŸ“… Fique atento! - ConteÃºdo completo disponÃ­vel no site a partir de 22/11/2025.","AparÃªncia de lideranÃ§a, possui uma intensa energia que lhe confere aparÃªncia original,  <br> <br> ğŸš¨ğŸ“£ğŸ“… Fique atento! - ConteÃºdo completo disponÃ­vel no site a partir de 22/11/2025.","VocÃª veio ao mundo para liderar, iniciar e inspirar.<br>Sua missÃ£o Ã© abrir caminhos, tomar decisÃµes e agir com coragem. <br> <br> ğŸš¨ğŸ“£ğŸ“… Fique atento! - ConteÃºdo completo disponÃ­vel no site a partir de 22/11/2025.","O Dom 1 Ã© o dom da lideranÃ§a, independÃªncia e pioneirismo. EstÃ¡ ligado Ã  forÃ§a do 'eu sou', Ã  capacidade de iniciar projetos e abrir caminhos com coragem e originalidade.  <br> <br> ğŸš¨ğŸ“£ğŸ“… Fique atento! - ConteÃºdo completo disponÃ­vel no site a partir de 22/11/2025.","ğŸ§  O nÃºmero 1 estÃ¡ associado Ã  lideranÃ§a, independÃªncia e originalidade. A pessoa que carrega essa energia Ã© como um pioneiro:  <br> <br> ğŸš¨ğŸ“£ğŸ“… Fique atento! - ConteÃºdo completo disponÃ­vel no site a partir de 22/11/2025.","Desenvolver lideranÃ§a empÃ¡tica; Canalizar energia para causas construtivas; Aprender a delegar com confianÃ§a.  <br> <br> ğŸš¨ğŸ“£ğŸ“… Fique atento! - ConteÃºdo completo disponÃ­vel no site a partir de 22/11/2025.","1 - Seu desafio Ã© manter foco e evitar dispersÃ£o. VocÃª se abre com espontaneidade e impulso. <br> <br> ğŸš¨ğŸ“£ğŸ“… Fique atento! - ConteÃºdo completo disponÃ­vel no site a partir de 22/11/2025.","1 - Busca liberdade por aÃ§Ã£o e independÃªncia. <br> <br> ğŸš¨ğŸ“£ğŸ“… Fique atento! - ConteÃºdo completo disponÃ­vel no site a partir de 22/11/2025.","1 - Sabedoria vem da iniciativa e coragem.  <br> <br> ğŸš¨ğŸ“£ğŸ“… Fique atento! - ConteÃºdo completo disponÃ­vel no site a partir de 22/11/2025.","1 - TendÃªncia herdada de independÃªncia, forÃ§a e lideranÃ§a. <br> <br> ğŸš¨ğŸ“£ğŸ“… Fique atento! - ConteÃºdo completo disponÃ­vel no site a partir de 22/11/2025.","Harmoniza com: 3, 5, 8 â€” compartilham iniciativa, aÃ§Ã£o e foco em resultados. <br> <br> ğŸš¨ğŸ“£ğŸ“… Fique atento! - ConteÃºdo completo disponÃ­vel no site a partir de 22/11/2025.","Energia de lideranÃ§a e iniciativa  <br> <br> ğŸš¨ğŸ“£ğŸ“… Fique atento! - ConteÃºdo completo disponÃ­vel no site a partir de 22/11/2025.","Autonomia: age com independÃªncia e confianÃ§a  <br> <br> ğŸš¨ğŸ“£ğŸ“… Fique atento! - ConteÃºdo completo disponÃ­vel no site a partir de 22/11/2025."," <br> <br> ğŸš¨ğŸ“£ğŸ“… Fique atento! - ConteÃºdo completo disponÃ­vel no site a partir de 22/11/2025."
2,Sensitivo,"Simboliza empatia, receptividade e conexÃ£o emocional.  <br> <br> ğŸš¨ğŸ“£ğŸ“… Fique atento! - ConteÃºdo completo disponÃ­vel no site a partir de 22/11/2025.","Ã‰ o Yin, o Feminino em todas as suas faces, a Natureza, a Polaridade, o Dual, o Par. O 2 Ã© o nÃºmero dos que cooperam com os outros.  <br> <br> ğŸš¨ğŸ“£ğŸ“… Fique atento! - ConteÃºdo completo disponÃ­vel no site a partir de 22/11/2025.","AparÃªncia meiga, agradÃ¡vel, educada, sensÃ­vel, irradia carinho e amor. Pode aparentar ser submissa, frÃ¡gil, dependente,  <br> <br> ğŸš¨ğŸ“£ğŸ“… Fique atento! - ConteÃºdo completo disponÃ­vel no site a partir de 22/11/2025.","VocÃª veio ao mundo para unir, cooperar e harmonizar.<br>Sua missÃ£o Ã© promover paz, empatia e equilÃ­brio nos relacionamentos. <br> <br> ğŸš¨ğŸ“£ğŸ“… Fique atento! - ConteÃºdo completo disponÃ­vel no site a partir de 22/11/2025.","O Dom 2 Ã© o dom da diplomacia, parceria e sensibilidade. EstÃ¡ ligado Ã  capacidade de unir pessoas, mediar conflitos e criar harmonia nos relacionamentos.  <br> <br> ğŸš¨ğŸ“£ğŸ“… Fique atento! - ConteÃºdo completo disponÃ­vel no site a partir de 22/11/2025.","ğŸ§  O nÃºmero 2 estÃ¡ associado Ã  sensibilidade, cooperaÃ§Ã£o e diplomacia. A pessoa que carrega essa energia Ã© como uma ponte:  <br> <br> ğŸš¨ğŸ“£ğŸ“… Fique atento! - ConteÃºdo completo disponÃ­vel no site a partir de 22/11/2025.","Aprender a se proteger energeticamente; Transformar sensibilidade em forÃ§a; Cultivar autonomia afetiva.  <br> <br> ğŸš¨ğŸ“£ğŸ“… Fique atento! - ConteÃºdo completo disponÃ­vel no site a partir de 22/11/2025.","2 - Seu desafio Ã© evitar dependÃªncia emocional. <br> <br> ğŸš¨ğŸ“£ğŸ“… Fique atento! - ConteÃºdo completo disponÃ­vel no site a partir de 22/11/2025.","2 - VocÃª se abre com empatia e sensibilidade.  <br> <br> ğŸš¨ğŸ“£ğŸ“… Fique atento! - ConteÃºdo completo disponÃ­vel no site a partir de 22/11/2025.","2 - Busca liberdade por meio de vÃ­nculos afetivos. <br> <br> ğŸš¨ğŸ“£ğŸ“… Fique atento! - ConteÃºdo completo disponÃ­vel no site a partir de 22/11/2025.","2 - Sabedoria vem da escuta e cooperaÃ§Ã£o.  <br> <br> ğŸš¨ğŸ“£ğŸ“… Fique atento! - ConteÃºdo completo disponÃ­vel no site a partir de 22/11/2025.","HeranÃ§a de sensibilidade e necessidade de aceitaÃ§Ã£o. Pode vir de famÃ­lias com padrÃµes de dependÃªncia ou submissÃ£o. <br> <br> ğŸš¨ğŸ“£ğŸ“… Fique atento! - ConteÃºdo completo disponÃ­vel no site a partir de 22/11/2025.","Harmoniza com: 4, 6, 9 â€” compartilham sensibilidade, cooperaÃ§Ã£o e desejo de paz. <br> <br> ğŸš¨ğŸ“£ğŸ“… Fique atento! - ConteÃºdo completo disponÃ­vel no site a partir de 22/11/2025.","Sensibilidade, cooperaÃ§Ã£o e diplomacia  <br> <br> ğŸš¨ğŸ“£ğŸ“… Fique atento! - ConteÃºdo completo disponÃ­vel no site a partir de 22/11/2025.","Escuta ativa: acolhe sem julgamento; IntuiÃ§Ã£o: percebe o invisÃ­vel;  <br> <br> ğŸš¨ğŸ“£ğŸ“… Fique atento! - ConteÃºdo completo disponÃ­vel no site a partir de 22/11/2025."
3,Comunicador,"ExpressÃ£o, criatividade e sociabilidade.  <br> <br> ğŸš¨ğŸ“£ğŸ“… Fique atento! - ConteÃºdo completo disponÃ­vel no site a partir de 22/11/2025.","Ã‰ Efervescente ! Por isso, possui brilho prÃ³prio, veio ao mundo para expressar-se de todas as formas  <br> <br> ğŸš¨ğŸ“£ğŸ“… Fique atento! - ConteÃºdo completo disponÃ­vel no site a partir de 22/11/2025.","AparÃªncia sociÃ¡vel, alegre, otimista, iluminada, com talentos artÃ­sticos e expressivos e muitas vezes sÃ£o o centro das atenÃ§Ãµes.  <br> <br> ğŸš¨ğŸ“£ğŸ“… Fique atento! - ConteÃºdo completo disponÃ­vel no site a partir de 22/11/2025.","VocÃª veio ao mundo para expressar, criar e encantar.<br>Sua missÃ£o Ã© comunicar ideias, despertar alegria e inspirar com leveza. <br> <br> ğŸš¨ğŸ“£ğŸ“… Fique atento! - ConteÃºdo completo disponÃ­vel no site a partir de 22/11/2025.","O Dom 3 Ã© o dom da comunicaÃ§Ã£o, criatividade e expressÃ£o. EstÃ¡ ligado Ã  capacidade de inspirar, entreter e conectar pessoas por meio da arte e da palavra.  <br> <br> ğŸš¨ğŸ“£ğŸ“… Fique atento! - ConteÃºdo completo disponÃ­vel no site a partir de 22/11/2025.","ğŸ§  O nÃºmero 3 estÃ¡ associado Ã  expressÃ£o, criatividade e alegria. A pessoa que carrega essa energia Ã© como um artista:  <br> <br> ğŸš¨ğŸ“£ğŸ“… Fique atento! - ConteÃºdo completo disponÃ­vel no site a partir de 22/11/2025.","Usar a comunicaÃ§Ã£o como ferramenta de cura; Desenvolver profundidade emocional; Cultivar escuta ativa.  <br> <br> ğŸš¨ğŸ“£ğŸ“… Fique atento! - ConteÃºdo completo disponÃ­vel no site a partir de 22/11/2025.","3 - Seu desafio Ã© lidar com crÃ­ticas e manter equilÃ­brio.  <br> <br> ğŸš¨ğŸ“£ğŸ“… Fique atento! - ConteÃºdo completo disponÃ­vel no site a partir de 22/11/2025.","3 - VocÃª se abre com alegria e expressÃ£o. <br> <br> ğŸš¨ğŸ“£ğŸ“… Fique atento! - ConteÃºdo completo disponÃ­vel no site a partir de 22/11/2025.","3 - Busca liberdade por criatividade e comunicaÃ§Ã£o. <br> <br> ğŸš¨ğŸ“£ğŸ“… Fique atento! - ConteÃºdo completo disponÃ­vel no site a partir de 22/11/2025.","3 - Sabedoria vem da leveza e inspiraÃ§Ã£o. <br> <br> ğŸš¨ğŸ“£ğŸ“… Fique atento! - ConteÃºdo completo disponÃ­vel no site a partir de 22/11/2025.","HeranÃ§a de expressÃ£o criativa ou bloqueios emocionais. Pode vir de famÃ­lias artÃ­sticas ou que reprimem sentimentos.<br>Desenvolver autenticidade e leveza. <br> <br> ğŸš¨ğŸ“£ğŸ“… Fique atento! - ConteÃºdo completo disponÃ­vel no site a partir de 22/11/2025.","Harmoniza com: 1, 5, 6 â€” compartilham criatividade, entusiasmo e expressÃ£o emocional. <br> <br> ğŸš¨ğŸ“£ğŸ“… Fique atento! - ConteÃºdo completo disponÃ­vel no site a partir de 22/11/2025.","Expressividade, criatividade e alegria  <br> <br> ğŸš¨ğŸ“£ğŸ“… Fique atento! - ConteÃºdo completo disponÃ­vel no site a partir de 22/11/2025.","OratÃ³ria: fala com clareza e impacto; Escrita: traduz sentimentos em palavras <br> <br> ğŸš¨ğŸ“£ğŸ“… Fique atento! - ConteÃºdo completo disponÃ­vel no site a partir de 22/11/2025."
4,Construtor,"Estrutura, disciplina e estabilidade.  <br> <br> ğŸš¨ğŸ“£ğŸ“… Fique atento! - ConteÃºdo completo disponÃ­vel no site a partir de 22/11/2025.","Para organizar toda a bagunÃ§a nada melhor do que ter um 4 por perto.Ele Ã© prÃ¡tico, organizado, <br> <br> ğŸš¨ğŸ“£ğŸ“… Fique atento! - ConteÃºdo completo disponÃ­vel no site a partir de 22/11/2025.","AparÃªncia de pessoa sÃ©ria, honesta, confiÃ¡vel, trabalhadora, esforÃ§ada e responsÃ¡vel. Gosta da ordem e Ã© exigente. <br> <br> ğŸš¨ğŸ“£ğŸ“… Fique atento! - ConteÃºdo completo disponÃ­vel no site a partir de 22/11/2025.","VocÃª veio ao mundo para construir, organizar e sustentar.<br>Sua missÃ£o Ã© criar bases sÃ³lidas, trazer ordem e realizar com disciplina. <br> <br> ğŸš¨ğŸ“£ğŸ“… Fique atento! - ConteÃºdo completo disponÃ­vel no site a partir de 22/11/2025.","O Dom 4 Ã© o dom da estrutura, organizaÃ§Ã£o e disciplina. EstÃ¡ ligado Ã  capacidade de construir, planejar e trazer estabilidade ao mundo material.  <br> <br> ğŸš¨ğŸ“£ğŸ“… Fique atento! - ConteÃºdo completo disponÃ­vel no site a partir de 22/11/2025.","ğŸ§  O nÃºmero 4 estÃ¡ associado Ã  estabilidade, trabalho e estrutura. A pessoa que carrega essa energia Ã© como um alicerce:  <br> <br> ğŸš¨ğŸ“£ğŸ“… Fique atento! - ConteÃºdo completo disponÃ­vel no site a partir de 22/11/2025.","Aprender a flexibilizar; Confiar no fluxo da vida; Equilibrar trabalho com prazer.  <br> <br> ğŸš¨ğŸ“£ğŸ“… Fique atento! - ConteÃºdo completo disponÃ­vel no site a partir de 22/11/2025.","4 - Seu desafio Ã© flexibilizar padrÃµes rÃ­gidos., <br> <br> ğŸš¨ğŸ“£ğŸ“… Fique atento! - ConteÃºdo completo disponÃ­vel no site a partir de 22/11/2025.","4 - VocÃª se abre com cautela e responsabilidade.  <br> <br> ğŸš¨ğŸ“£ğŸ“… Fique atento! - ConteÃºdo completo disponÃ­vel no site a partir de 22/11/2025.","4 - Busca liberdade por estabilidade e ordem. <br> <br> ğŸš¨ğŸ“£ğŸ“… Fique atento! - ConteÃºdo completo disponÃ­vel no site a partir de 22/11/2025.","4 - Sabedoria vem da disciplina e estrutura.  <br> <br> ğŸš¨ğŸ“£ğŸ“… Fique atento! - ConteÃºdo completo disponÃ­vel no site a partir de 22/11/2025.","HeranÃ§a de disciplina, rigidez ou excesso de responsabilidade. Pode vir de famÃ­lias estruturadas ou controladoras.<br>Aprender a flexibilizar sem perder a ordem.  <br> <br> ğŸš¨ğŸ“£ğŸ“… Fique atento! - ConteÃºdo completo disponÃ­vel no site a partir de 22/11/2025.","Harmoniza com: 2, 6, 8 â€” compartilham senso de ordem, responsabilidade e estabilidade.<br>Desarmoniza com:  <br> <br> ğŸš¨ğŸ“£ğŸ“… Fique atento! - ConteÃºdo completo disponÃ­vel no site a partir de 22/11/2025.","Estabilidade, estrutura e disciplina  <br> <br> ğŸš¨ğŸ“£ğŸ“… Fique atento! - ConteÃºdo completo disponÃ­vel no site a partir de 22/11/2025.","OrganizaÃ§Ã£o: cria ordem e mÃ©todo; Planejamento: antecipa e estrutura aÃ§Ãµes;PersistÃªncia:  <br> <br> ğŸš¨ğŸ“£ğŸ“… Fique atento! - ConteÃºdo completo disponÃ­vel no site a partir de 22/11/2025."
5,Explorador,"Liberdade, aventura e movimento.  <br> <br> ğŸš¨ğŸ“£ğŸ“… Fique atento! - ConteÃºdo completo disponÃ­vel no site a partir de 22/11/2025.","Ã‰ a liberdade e a movimentaÃ§Ã£o constante. Necessita nÃ£o ter definida a sua personalidade, <br> <br> ğŸš¨ğŸ“£ğŸ“… Fique atento! - ConteÃºdo completo disponÃ­vel no site a partir de 22/11/2025.","AparÃªncia livre, rebelde, arrojada, versÃ¡til e aberta ao novo. Possui curiosidade, muito magnetismo e charme. <br> <br> ğŸš¨ğŸ“£ğŸ“… Fique atento! - ConteÃºdo completo disponÃ­vel no site a partir de 22/11/2025.","VocÃª veio ao mundo para transformar, explorar e libertar.<br>Sua missÃ£o Ã© romper padrÃµes, viver mudanÃ§as e inspirar movimento. <br> <br> ğŸš¨ğŸ“£ğŸ“… Fique atento! - ConteÃºdo completo disponÃ­vel no site a partir de 22/11/2025.","O Dom 5 Ã© o dom da liberdade, versatilidade e aventura. EstÃ¡ ligado Ã  capacidade de se adaptar, explorar e trazer inovaÃ§Ã£o ao mundo.  <br> <br> ğŸš¨ğŸ“£ğŸ“… Fique atento! - ConteÃºdo completo disponÃ­vel no site a partir de 22/11/2025.","ğŸ§  O nÃºmero 5 estÃ¡ associado Ã  liberdade, movimento e curiosidade. A pessoa que carrega essa energia Ã© como um explorador:  <br> <br> ğŸš¨ğŸ“£ğŸ“… Fique atento! - ConteÃºdo completo disponÃ­vel no site a partir de 22/11/2025.","Cultivar foco sem perder a liberdade; Transformar inquietude em criatividade; Aprender a permanecer.  <br> <br> ğŸš¨ğŸ“£ğŸ“… Fique atento! - ConteÃºdo completo disponÃ­vel no site a partir de 22/11/2025.","5 - Seu desafio Ã© evitar instabilidades.  <br> <br> ğŸš¨ğŸ“£ğŸ“… Fique atento! - ConteÃºdo completo disponÃ­vel no site a partir de 22/11/2025.","5 - VocÃª se abre com curiosidade e desejo de mudanÃ§a.  <br> <br> ğŸš¨ğŸ“£ğŸ“… Fique atento! - ConteÃºdo completo disponÃ­vel no site a partir de 22/11/2025.","5 - Busca liberdade por movimento e variedade. <br> <br> ğŸš¨ğŸ“£ğŸ“… Fique atento! - ConteÃºdo completo disponÃ­vel no site a partir de 22/11/2025.","5 - Sabedoria vem da adaptaÃ§Ã£o e versatilidade.  <br> <br> ğŸš¨ğŸ“£ğŸ“… Fique atento! - ConteÃºdo completo disponÃ­vel no site a partir de 22/11/2025.","HeranÃ§a de instabilidade, mudanÃ§as bruscas ou liberdade excessiva. Pode vir de famÃ­lias nÃ´mades ou impulsivas.<br>Aprender a criar raÃ­zes sem perder a liberdade.  <br> <br> ğŸš¨ğŸ“£ğŸ“… Fique atento! - ConteÃºdo completo disponÃ­vel no site a partir de 22/11/2025.","Harmoniza com: 1, 3, 7 â€” compartilham movimento, curiosidade e desejo de transformaÃ§Ã£o.<br>Desarmoniza com: 4, 6  <br> <br> ğŸš¨ğŸ“£ğŸ“… Fique atento! - ConteÃºdo completo disponÃ­vel no site a partir de 22/11/2025.","Liberdade, movimento e transformaÃ§Ã£o  <br> <br> ğŸš¨ğŸ“£ğŸ“… Fique atento! - ConteÃºdo completo disponÃ­vel no site a partir de 22/11/2025.","Curiosidade: busca o novo com entusiasmo; Adaptabilidade: se molda a diferentes contextos;  <br> <br> ğŸš¨ğŸ“£ğŸ“… Fique atento! - ConteÃºdo completo disponÃ­vel no site a partir de 22/11/2025."
6,Harmonizador, "Afeto, responsabilidade e senso de justiÃ§a.  <br> <br> ğŸš¨ğŸ“£ğŸ“… Fique atento! - ConteÃºdo completo disponÃ­vel no site a partir de 22/11/2025.","Ã‰ bem famÃ­lia. Um ser amoroso, que busca estabilidade afetiva, um lar, um casamento onde possa desfrutar da Harmonia. <br> <br> ğŸš¨ğŸ“£ğŸ“… Fique atento! - ConteÃºdo completo disponÃ­vel no site a partir de 22/11/2025.","AparÃªncia que transmite paz e beleza, compreensÃ£o e dedicaÃ§Ã£o. Amoroso, dedicado, quer fazer algo pelas pessoas. <br> <br> ğŸš¨ğŸ“£ğŸ“… Fique atento! - ConteÃºdo completo disponÃ­vel no site a partir de 22/11/2025.","VocÃª veio ao mundo para cuidar, equilibrar e servir.<br>Sua missÃ£o Ã© nutrir vÃ­nculos, assumir responsabilidades e promover justiÃ§a. <br> <br> ğŸš¨ğŸ“£ğŸ“… Fique atento! - ConteÃºdo completo disponÃ­vel no site a partir de 22/11/2025.","O Dom 6 Ã© o dom da harmonia, responsabilidade e cuidado. EstÃ¡ ligado Ã  capacidade de nutrir, proteger e criar beleza e equilÃ­brio.  <br> <br> ğŸš¨ğŸ“£ğŸ“… Fique atento! - ConteÃºdo completo disponÃ­vel no site a partir de 22/11/2025.","ğŸ§  O nÃºmero 6 estÃ¡ associado ao cuidado, Ã  beleza e ao amor. A pessoa que carrega essa energia Ã© como um guardiÃ£o:  <br> <br> ğŸš¨ğŸ“£ğŸ“… Fique atento! - ConteÃºdo completo disponÃ­vel no site a partir de 22/11/2025.","Acolher sem absorver; Equilibrar amor com liberdade; Transformar dor em cura; Ser referÃªncia de paz.  <br> <br> ğŸš¨ğŸ“£ğŸ“… Fique atento! - ConteÃºdo completo disponÃ­vel no site a partir de 22/11/2025.","6 - Seu desafio Ã© impor limites sem se anular.  <br> <br> ğŸš¨ğŸ“£ğŸ“… Fique atento! - ConteÃºdo completo disponÃ­vel no site a partir de 22/11/2025.","6 - VocÃª se abre com afeto e cuidado.  <br> <br> ğŸš¨ğŸ“£ğŸ“… Fique atento! - ConteÃºdo completo disponÃ­vel no site a partir de 22/11/2025.","6 - Busca liberdade por meio do serviÃ§o e proteÃ§Ã£o.  <br> <br> ğŸš¨ğŸ“£ğŸ“… Fique atento! - ConteÃºdo completo disponÃ­vel no site a partir de 22/11/2025.","6 - Sabedoria vem da harmonia e responsabilidade.  <br> <br> ğŸš¨ğŸ“£ğŸ“… Fique atento! - ConteÃºdo completo disponÃ­vel no site a partir de 22/11/2025.","HeranÃ§a de cuidado, proteÃ§Ã£o ou sobrecarga emocional. Pode vir de famÃ­lias que exigem muito ou idealizam o amor.<br>Aprender a cuidar sem se anular.  <br> <br> ğŸš¨ğŸ“£ğŸ“… Fique atento! - ConteÃºdo completo disponÃ­vel no site a partir de 22/11/2025.","Harmoniza com: 2, 4, 9 â€” compartilham afeto, cuidado e senso de justiÃ§a.<br>Desarmoniza com: 5, 7  <br> <br> ğŸš¨ğŸ“£ğŸ“… Fique atento! - ConteÃºdo completo disponÃ­vel no site a partir de 22/11/2025.","Amor, responsabilidade e cuidado  <br> <br> ğŸš¨ğŸ“£ğŸ“… Fique atento! - ConteÃºdo completo disponÃ­vel no site a partir de 22/11/2025.","Cuidado: oferece suporte emocional e proteÃ§Ã£o afetiva; Empatia: sente o outro com profundidade e sem julgamento;  <br> <br> ğŸš¨ğŸ“£ğŸ“… Fique atento! - ConteÃºdo completo disponÃ­vel no site a partir de 22/11/2025."
7,MÃ­stico,"Sabedoria interior, introspecÃ§Ã£o e espiritualidade.  <br> <br> ğŸš¨ğŸ“£ğŸ“… Fique atento! - ConteÃºdo completo disponÃ­vel no site a partir de 22/11/2025.","Ã‰ o nÃºmero que procura respostas, busca os porquÃªs, e para isso necessita da solidÃ£o para que possa analisar  <br> <br> ğŸš¨ğŸ“£ğŸ“… Fique atento! - ConteÃºdo completo disponÃ­vel no site a partir de 22/11/2025.","AparÃªncias de respeitabilidade, poder - presenÃ§a forte e destacada. Aparenta sempre ser de um nÃ­vel mais elevado e rico  <br> <br> ğŸš¨ğŸ“£ğŸ“… Fique atento! - ConteÃºdo completo disponÃ­vel no site a partir de 22/11/2025.","VocÃª veio ao mundo para investigar, meditar e iluminar.<br>Sua missÃ£o Ã© buscar verdades profundas, cultivar sabedoria e inspirar reflexÃ£o.  <br> <br> ğŸš¨ğŸ“£ğŸ“… Fique atento! - ConteÃºdo completo disponÃ­vel no site a partir de 22/11/2025.","O Dom 7 Ã© o dom da sabedoria, introspecÃ§Ã£o e espiritualidade. EstÃ¡ ligado Ã  capacidade de buscar a verdade, analisar profundamente e conectar-se com o invisÃ­vel.  <br> <br> ğŸš¨ğŸ“£ğŸ“… Fique atento! - ConteÃºdo completo disponÃ­vel no site a partir de 22/11/2025.","ğŸ§  O nÃºmero 7 estÃ¡ associado Ã  introspecÃ§Ã£o, sabedoria e espiritualidade. A pessoa que carrega essa energia Ã© como um buscador:  <br> <br> ğŸš¨ğŸ“£ğŸ“… Fique atento! - ConteÃºdo completo disponÃ­vel no site a partir de 22/11/2025.","Integrar espiritualidade com vida prÃ¡tica; Confiar nas pessoas; Compartilhar sua sabedoria. <br> <br> ğŸš¨ğŸ“£ğŸ“… Fique atento! - ConteÃºdo completo disponÃ­vel no site a partir de 22/11/2025.","7 - Seu desafio Ã© confiar e se comunicar.  <br> <br> ğŸš¨ğŸ“£ğŸ“… Fique atento! - ConteÃºdo completo disponÃ­vel no site a partir de 22/11/2025.","7 - VocÃª se abre com introspecÃ§Ã£o e reserva.  <br> <br> ğŸš¨ğŸ“£ğŸ“… Fique atento! - ConteÃºdo completo disponÃ­vel no site a partir de 22/11/2025.","7 - Busca liberdade por isolamento e reflexÃ£o. <br> <br> ğŸš¨ğŸ“£ğŸ“… Fique atento! - ConteÃºdo completo disponÃ­vel no site a partir de 22/11/2025.","7 - Sabedoria vem da contemplaÃ§Ã£o e profundidade. <br> <br> ğŸš¨ğŸ“£ğŸ“… Fique atento! - ConteÃºdo completo disponÃ­vel no site a partir de 22/11/2025.","HeranÃ§a de introspecÃ§Ã£o, espiritualidade ou isolamento. Pode vir de famÃ­lias intelectuais ou emocionalmente distantes.<br>Aprender a confiar e se abrir  <br> <br> ğŸš¨ğŸ“£ğŸ“… Fique atento! - ConteÃºdo completo disponÃ­vel no site a partir de 22/11/2025.","Harmoniza com: 5, 9 â€” compartilham profundidade, espiritualidade e busca por sentido.  <br> <br> ğŸš¨ğŸ“£ğŸ“… Fique atento! - ConteÃºdo completo disponÃ­vel no site a partir de 22/11/2025.","Sabedoria, introspecÃ§Ã£o e espiritualidade  <br> <br> ğŸš¨ğŸ“£ğŸ“… Fique atento! - ConteÃºdo completo disponÃ­vel no site a partir de 22/11/2025.","IntuiÃ§Ã£o: acessa verdades sutis; AnÃ¡lise profunda: enxerga alÃ©m da superfÃ­cie;  <br> <br> ğŸš¨ğŸ“£ğŸ“… Fique atento! - ConteÃºdo completo disponÃ­vel no site a partir de 22/11/2025."
8,Realizador,"Poder pessoal, materializaÃ§Ã£o e lideranÃ§a prÃ¡tica.  <br> <br> ğŸš¨ğŸ“£ğŸ“… Fique atento! - ConteÃºdo completo disponÃ­vel no site a partir de 22/11/2025.","Possui em si o poder do AutodomÃ­nio. Caracteriza-se por forte ambiÃ§Ã£o e desejo de manifestar seu poder pessoal <br> <br> ğŸš¨ğŸ“£ğŸ“… Fique atento! - ConteÃºdo completo disponÃ­vel no site a partir de 22/11/2025.","AparÃªncias de respeitabilidade, poder - presenÃ§a forte e destacada.  <br> <br> ğŸš¨ğŸ“£ğŸ“… Fique atento! - ConteÃºdo completo disponÃ­vel no site a partir de 22/11/2025.","VocÃª veio ao mundo para realizar, liderar e prosperar.<br>Sua missÃ£o Ã© conquistar metas  <br> <br> ğŸš¨ğŸ“£ğŸ“… Fique atento! - ConteÃºdo completo disponÃ­vel no site a partir de 22/11/2025. ","O Dom 8 Ã© o dom do poder, da realizaÃ§Ã£o e da justiÃ§a. EstÃ¡ ligado Ã  capacidade de administrar recursos, liderar com responsabilidade  <br> <br> ğŸš¨ğŸ“£ğŸ“… Fique atento! - ConteÃºdo completo disponÃ­vel no site a partir de 22/11/2025.","ğŸ§  O nÃºmero 8 estÃ¡ associado Ã  realizaÃ§Ã£o, poder e justiÃ§a. A pessoa que carrega essa energia Ã© como uma construtora:  <br> <br> ğŸš¨ğŸ“£ğŸ“… Fique atento! - ConteÃºdo completo disponÃ­vel no site a partir de 22/11/2025.","Desenvolver sensibilidade; Equilibrar poder com compaixÃ£o; Usar recursos para servir ao coletivo. <br> <br> ğŸš¨ğŸ“£ğŸ“… Fique atento! - ConteÃºdo completo disponÃ­vel no site a partir de 22/11/2025.","8 - Seu desafio Ã© equilibrar poder com sensibilidade. <br> <br> ğŸš¨ğŸ“£ğŸ“… Fique atento! - ConteÃºdo completo disponÃ­vel no site a partir de 22/11/2025.","8 - VocÃª se abre com firmeza e controle. <br> <br> ğŸš¨ğŸ“£ğŸ“… Fique atento! - ConteÃºdo completo disponÃ­vel no site a partir de 22/11/2025.","8 - Busca liberdade por conquista e autonomia. <br> <br> ğŸš¨ğŸ“£ğŸ“… Fique atento! - ConteÃºdo completo disponÃ­vel no site a partir de 22/11/2025.","8 - Sabedoria vem da lideranÃ§a e justiÃ§a. <br> <br> ğŸš¨ğŸ“£ğŸ“… Fique atento! - ConteÃºdo completo disponÃ­vel no site a partir de 22/11/2025.","HeranÃ§a de ambiÃ§Ã£o, poder ou materialismo. Pode vir de famÃ­lias empreendedoras ou autoritÃ¡rias.<br>Aprender a liderar com Ã©tica e propÃ³sito.  <br> <br> ğŸš¨ğŸ“£ğŸ“… Fique atento! - ConteÃºdo completo disponÃ­vel no site a partir de 22/11/2025.","Harmoniza com: 1, 4, 7 â€” compartilham ambiÃ§Ã£o, foco e capacidade de realizaÃ§Ã£o.<br>Desarmoniza com: 2, 3  <br> <br> ğŸš¨ğŸ“£ğŸ“… Fique atento! - ConteÃºdo completo disponÃ­vel no site a partir de 22/11/2025.","Poder, realizaÃ§Ã£o e ambiÃ§Ã£o  <br> <br> ğŸš¨ğŸ“£ğŸ“… Fique atento! - ConteÃºdo completo disponÃ­vel no site a partir de 22/11/2025.","GestÃ£o: organiza recursos com eficiÃªncia; Foco: mantÃ©m direÃ§Ã£o com firmeza;  <br> <br> ğŸš¨ğŸ“£ğŸ“… Fique atento! - ConteÃºdo completo disponÃ­vel no site a partir de 22/11/2025."
9,HumanitÃ¡rio,"Amor universal, compaixÃ£o e serviÃ§o.  <br> <br> ğŸš¨ğŸ“£ğŸ“… Fique atento! - ConteÃºdo completo disponÃ­vel no site a partir de 22/11/2025.","Tem as caracterÃ­sticas humanitÃ¡rias, de sacrifÃ­cio e doaÃ§Ã£o, abnegaÃ§Ã£o e compaixÃ£o. <br> <br> ğŸš¨ğŸ“£ğŸ“… Fique atento! - ConteÃºdo completo disponÃ­vel no site a partir de 22/11/2025.","AparÃªncia com grande carisma, iluminaÃ§Ã£o, jeito humanitÃ¡rio, altruÃ­sta, bondoso.  <br> <br> ğŸš¨ğŸ“£ğŸ“… Fique atento! - ConteÃºdo completo disponÃ­vel no site a partir de 22/11/2025.","VocÃª veio ao mundo para inspirar, curar e transcender.<br>Sua missÃ£o Ã© servir ao coletivo, expressar compaixÃ£o e viver com propÃ³sito elevado. <br> <br> ğŸš¨ğŸ“£ğŸ“… Fique atento! - ConteÃºdo completo disponÃ­vel no site a partir de 22/11/2025.","O Dom 9 Ã© o dom da compaixÃ£o, humanitarismo e generosidade. EstÃ¡ ligado Ã  capacidade de servir Ã  humanidade com empatia  <br> <br> ğŸš¨ğŸ“£ğŸ“… Fique atento! - ConteÃºdo completo disponÃ­vel no site a partir de 22/11/2025.","ğŸ§  O nÃºmero 9 estÃ¡ associado Ã  generosidade, sabedoria e transformaÃ§Ã£o. A pessoa que carrega essa energia Ã© como um guia:  <br> <br> ğŸš¨ğŸ“£ğŸ“… Fique atento! - ConteÃºdo completo disponÃ­vel no site a partir de 22/11/2025.","Aprender a se incluir no cuidado; Transformar dor em propÃ³sito; Liderar com amor  <br> <br> ğŸš¨ğŸ“£ğŸ“… Fique atento! - ConteÃºdo completo disponÃ­vel no site a partir de 22/11/2025.","9 - Seu desafio Ã© nÃ£o se perder nos problemas dos outros. <br> <br> ğŸš¨ğŸ“£ğŸ“… Fique atento! - ConteÃºdo completo disponÃ­vel no site a partir de 22/11/2025.","9 - VocÃª se abre com compaixÃ£o e generosidade  <br> <br> ğŸš¨ğŸ“£ğŸ“… Fique atento! - ConteÃºdo completo disponÃ­vel no site a partir de 22/11/2025.","9 - Busca liberdade por causas maiores. <br> <br> ğŸš¨ğŸ“£ğŸ“… Fique atento! - ConteÃºdo completo disponÃ­vel no site a partir de 22/11/2025.","9 - Sabedoria vem da entrega e visÃ£o universal. <br> <br> ğŸš¨ğŸ“£ğŸ“… Fique atento! - ConteÃºdo completo disponÃ­vel no site a partir de 22/11/2025.","HeranÃ§a de altruÃ­smo, sacrifÃ­cio ou idealismo. Pode vir de famÃ­lias religiosas, artÃ­sticas ou muito exigentes.<br>Aprender a doar sem se perder.  <br> <br> ğŸš¨ğŸ“£ğŸ“… Fique atento! - ConteÃºdo completo disponÃ­vel no site a partir de 22/11/2025.","Harmoniza com: 2, 6, 7 â€” compartilham compaixÃ£o, espiritualidade e visÃ£o coletiva.<br>Desarmoniza com:  <br> <br> ğŸš¨ğŸ“£ğŸ“… Fique atento! - ConteÃºdo completo disponÃ­vel no site a partir de 22/11/2025.","AltruÃ­smo, inspiraÃ§Ã£o e compaixÃ£o  <br> <br> ğŸš¨ğŸ“£ğŸ“… Fique atento! - ConteÃºdo completo disponÃ­vel no site a partir de 22/11/2025.","Generosidade: oferece sem esperar retorno; VisÃ£o ampla: enxerga o coletivo;  <br> <br> ğŸš¨ğŸ“£ğŸ“… Fique atento! - ConteÃºdo completo disponÃ­vel no site a partir de 22/11/2025."
11,nume11," <br> <br> ğŸš¨ğŸ“£ğŸ“… Fique atento! - ConteÃºdo completo disponÃ­vel no site a partir de 22/11/2025."," <br> <br> ğŸš¨ğŸ“£ğŸ“… Fique atento! - ConteÃºdo completo disponÃ­vel no site a partir de 22/11/2025."," <br> <br> ğŸš¨ğŸ“£ğŸ“… Fique atento! - ConteÃºdo completo disponÃ­vel no site a partir de 22/11/2025."," <br> <br> ğŸš¨ğŸ“£ğŸ“… Fique atento! - ConteÃºdo completo disponÃ­vel no site a partir de 22/11/2025."," <br> <br> ğŸš¨ğŸ“£ğŸ“… Fique atento! - ConteÃºdo completo disponÃ­vel no site a partir de 22/11/2025."," <br> <br> ğŸš¨ğŸ“£ğŸ“… Fique atento! - ConteÃºdo completo disponÃ­vel no site a partir de 22/11/2025."," <br> <br> ğŸš¨ğŸ“£ğŸ“… Fique atento! - ConteÃºdo completo disponÃ­vel no site a partir de 22/11/2025."," <br> <br> ğŸš¨ğŸ“£ğŸ“… Fique atento! - ConteÃºdo completo disponÃ­vel no site a partir de 22/11/2025."," <br> <br> ğŸš¨ğŸ“£ğŸ“… Fique atento! - ConteÃºdo completo disponÃ­vel no site a partir de 22/11/2025."," <br> <br> ğŸš¨ğŸ“£ğŸ“… Fique atento! - ConteÃºdo completo disponÃ­vel no site a partir de 22/11/2025."," <br> <br> ğŸš¨ğŸ“£ğŸ“… Fique atento! - ConteÃºdo completo disponÃ­vel no site a partir de 22/11/2025."," <br> <br> ğŸš¨ğŸ“£ğŸ“… Fique atento! - ConteÃºdo completo disponÃ­vel no site a partir de 22/11/2025."," <br> <br> ğŸš¨ğŸ“£ğŸ“… Fique atento! - ConteÃºdo completo disponÃ­vel no site a partir de 22/11/2025."," <br> <br> ğŸš¨ğŸ“£ğŸ“… Fique atento! - ConteÃºdo completo disponÃ­vel no site a partir de 22/11/2025."," <br> <br> ğŸš¨ğŸ“£ğŸ“… Fique atento! - ConteÃºdo completo disponÃ­vel no site a partir de 22/11/2025."
22,nume22," <br> <br> ğŸš¨ğŸ“£ğŸ“… Fique atento! - ConteÃºdo completo disponÃ­vel no site a partir de 22/11/2025."," <br> <br> ğŸš¨ğŸ“£ğŸ“… Fique atento! - ConteÃºdo completo disponÃ­vel no site a partir de 22/11/2025."," <br> <br> ğŸš¨ğŸ“£ğŸ“… Fique atento! - ConteÃºdo completo disponÃ­vel no site a partir de 22/11/2025."," <br> <br> ğŸš¨ğŸ“£ğŸ“… Fique atento! - ConteÃºdo completo disponÃ­vel no site a partir de 22/11/2025."," <br> <br> ğŸš¨ğŸ“£ğŸ“… Fique atento! - ConteÃºdo completo disponÃ­vel no site a partir de 22/11/2025."," <br> <br> ğŸš¨ğŸ“£ğŸ“… Fique atento! - ConteÃºdo completo disponÃ­vel no site a partir de 22/11/2025."," <br> <br> ğŸš¨ğŸ“£ğŸ“… Fique atento! - ConteÃºdo completo disponÃ­vel no site a partir de 22/11/2025."," <br> <br> ğŸš¨ğŸ“£ğŸ“… Fique atento! - ConteÃºdo completo disponÃ­vel no site a partir de 22/11/2025."," <br> <br> ğŸš¨ğŸ“£ğŸ“… Fique atento! - ConteÃºdo completo disponÃ­vel no site a partir de 22/11/2025."," <br> <br> ğŸš¨ğŸ“£ğŸ“… Fique atento! - ConteÃºdo completo disponÃ­vel no site a partir de 22/11/2025."," <br> <br> ğŸš¨ğŸ“£ğŸ“… Fique atento! - ConteÃºdo completo disponÃ­vel no site a partir de 22/11/2025."," <br> <br> ğŸš¨ğŸ“£ğŸ“… Fique atento! - ConteÃºdo completo disponÃ­vel no site a partir de 22/11/2025."," <br> <br> ğŸš¨ğŸ“£ğŸ“… Fique atento! - ConteÃºdo completo disponÃ­vel no site a partir de 22/11/2025."," <br> <br> ğŸš¨ğŸ“£ğŸ“… Fique atento! - ConteÃºdo completo disponÃ­vel no site a partir de 22/11/2025."," <br> <br> ğŸš¨ğŸ“£ğŸ“… Fique atento! - ConteÃºdo completo disponÃ­vel no site a partir de 22/11/2025."
